id,family,title,applicability,status,implementation,evidence,owner
AC-1,Access Control,Policy and Procedures,applicable,planned,No approved AC policy yet; a DRAFT starter is provided for owner approval.,controls/policies/access-control.md (DRAFT),Omar Huertas
AC-2,Access Control,Account Management,applicable,partial,Admin accounts are limited to an allow-listed identity in Cloudflare Access and the GitHub org; there is no periodic account review yet.,Cloudflare Access policy; GitHub org members; access review record (planned),Omar Huertas
AC-3,Access Control,Access Enforcement,applicable,partial,Admin routes are enforced by Cloudflare Access plus server-side checks in the Worker; public routes are read-only static assets. Becomes implemented after Worker cutover is verified.,worker/ (not in this branch); Access policy export,Omar Huertas
AC-4,Access Control,Information Flow Enforcement,applicable,partial,CSP connect-src/form-action and Worker-only API origin restrict where browser data can flow; no formal flow diagram yet.,scripts/check-headers.sh; worker/ CSP config,Omar Huertas
AC-5,Access Control,Separation of Duties,applicable,partial,"Single operator, so separation is limited; production deploys need a second step (GitHub environment approval) but approver is the same person today.",GitHub environment 'production' protection rule,Omar Huertas
AC-6,Access Control,Least Privilege,applicable,partial,CI uses a scoped Cloudflare API token held as a GitHub secret and workflows default to contents:read; scope of human accounts not yet reviewed.,.github/workflows/ci.yml (permissions block),Omar Huertas
AC-7,Access Control,Unsuccessful Logon Attempts,applicable,partial,Worker rate limiting throttles waitlist/support endpoints and admin sign-in lockout is delegated to the identity provider behind Access. Pending Worker cutover.,worker/ (not in this branch) rate limiter; IdP policy,Omar Huertas
AC-8,Access Control,System Use Notification,applicable,planned,No banner on the admin surface yet; add a use-notification on the Access login/admin page.,Admin page banner (planned),Omar Huertas
AC-11,Access Control,Device Lock,applicable,planned,Operator workstation screen-lock requirement is in the DRAFT acceptable use policy; enforcement via MDM/Obvera not yet confirmed.,controls/policies/acceptable-use.md (DRAFT),Omar Huertas
AC-12,Access Control,Session Termination,applicable,partial,Cloudflare Access enforces a session duration for admin; value not yet documented or tuned.,Access application session duration setting,Omar Huertas
AC-14,Access Control,Permitted Actions Without Identification or Authentication,applicable,implemented,"Public pages, waitlist and support forms are intentionally anonymous; nothing else is reachable without authentication. Documented in this control set.",controls/nist-800-53-moderate.csv; site map,Omar Huertas
AC-17,Access Control,Remote Access,applicable,partial,Remote admin only through Cloudflare Access (SSO + device/IdP checks); deploys only from GitHub Actions. MFA enforcement still to be verified.,Access policy; GitHub org 2FA setting,Omar Huertas
AC-18,Access Control,Wireless Access,not-applicable,,System has no wireless components; Cloudflare/GitHub host everything. Operator home network is out of scope until organization policy exists.,n/a,Omar Huertas
AC-19,Access Control,Access Control for Mobile Devices,not-applicable,,No mobile devices are part of the system boundary; reassess if admin is performed from phones.,n/a,Omar Huertas
AC-20,Access Control,Use of External Systems,applicable,partial,"Use of external systems (Cloudflare, GitHub, Turnstile) is limited to the vendor list; formal terms and review pending.",controls/policies/vendor-management.md (DRAFT),Omar Huertas
AC-21,Access Control,Information Sharing,applicable,partial,Information sharing is limited to the waitlist/support data the operator receives; privacy page states usage. No third-party sharing agreements needed yet.,privacy.html; controls/policies/data-retention-privacy.md (DRAFT),Omar Huertas
AC-22,Access Control,Publicly Accessible Content,applicable,implemented,All public content changes go through pull request review with CODEOWNERS and CI before deploy; nonpublic data is not stored in the static site.,CODEOWNERS; .github/workflows/ci.yml,Omar Huertas
AT-1,Awareness and Training,Policy and Procedures,applicable,planned,No approved AT policy yet; a DRAFT starter is provided for owner approval.,controls/policies/information-security.md (DRAFT),Omar Huertas
AT-2,Awareness and Training,Literacy Training and Awareness,applicable,planned,No security awareness or role training program; single operator self-study not recorded.,Training record (planned),Omar Huertas
AT-3,Awareness and Training,Role-Based Training,applicable,planned,No security awareness or role training program; single operator self-study not recorded.,Training record (planned),Omar Huertas
AT-4,Awareness and Training,Training Records,applicable,planned,No security awareness or role training program; single operator self-study not recorded.,Training record (planned),Omar Huertas
AU-1,Audit and Accountability,Policy and Procedures,applicable,planned,No approved AU policy yet; a DRAFT starter is provided for owner approval.,controls/policies/information-security.md (DRAFT),Omar Huertas
AU-2,Audit and Accountability,Event Logging,applicable,partial,"Worker writes security-relevant events (admin actions, form submissions) to the D1 audit_log table; the formal event list has not been approved.",worker/ (not in this branch) audit_log table,Omar Huertas
AU-3,Audit and Accountability,Content of Audit Records,applicable,partial,"audit_log records event type, actor, time and outcome; completeness against AU-3 fields to be verified.",worker/ (not in this branch) audit_log schema,Omar Huertas
AU-4,Audit and Accountability,Audit Log Storage Capacity,applicable,partial,audit_log lives in D1 whose capacity is managed by Cloudflare; no capacity alert.,D1 usage dashboard,Omar Huertas
AU-5,Audit and Accountability,Response to Audit Logging Process Failures,applicable,planned,No alerting if audit writes fail; add failure alert and fail-closed handling.,Alert rule (planned),Omar Huertas
AU-6,Audit and Accountability,"Audit Record Review, Analysis, and Reporting",applicable,planned,No scheduled review of audit_log yet; define monthly review and record it.,Audit review record (planned),Omar Huertas
AU-7,Audit and Accountability,Audit Record Reduction and Report Generation,applicable,planned,Reporting is ad hoc SQL against D1; no reduction/report tooling.,Saved D1 queries (planned),Omar Huertas
AU-8,Audit and Accountability,Time Stamps,inherited-cloudflare,implemented,Timestamps come from the Cloudflare Workers runtime clock (NTP-synchronized by provider).,"Cloudflare SOC 2 Type II report (obtain, GAPS G-04)",Omar Huertas
AU-9,Audit and Accountability,Protection of Audit Information,applicable,partial,audit_log is reachable only through the Access-gated admin and Worker; no immutability or off-box copy.,D1 access policy; export job (planned),Omar Huertas
AU-11,Audit and Accountability,Audit Record Retention,applicable,planned,Retention period not yet defined or enforced; covered in DRAFT retention policy.,controls/policies/data-retention-privacy.md (DRAFT),Omar Huertas
AU-12,Audit and Accountability,Audit Record Generation,applicable,partial,Worker code generates audit_log entries for defined events. Pending Worker cutover verification.,worker/ (not in this branch),Omar Huertas
CA-1,"Assessment, Authorization, and Monitoring",Policy and Procedures,applicable,planned,No approved CA policy yet; a DRAFT starter is provided for owner approval.,controls/policies/information-security.md (DRAFT),Omar Huertas
CA-2,"Assessment, Authorization, and Monitoring",Control Assessments,applicable,partial,"CI performs automated assessment on every change (secret scan, SAST, dependency audit, a11y, ZAP); no independent annual assessment.",.github/workflows/ci.yml,Omar Huertas
CA-3,"Assessment, Authorization, and Monitoring",Information Exchange,applicable,partial,"Connections to Cloudflare, GitHub and Turnstile are known but not documented as interconnection records.",Vendor register (planned),Omar Huertas
CA-5,"Assessment, Authorization, and Monitoring",Plan of Action and Milestones,applicable,partial,controls/GAPS.md is the starter plan of action and milestones; owners and due dates to be assigned.,controls/GAPS.md,Omar Huertas
CA-6,"Assessment, Authorization, and Monitoring",Authorization,applicable,planned,No formal authorization decision by the system owner yet.,Authorization memo (planned),Omar Huertas
CA-7,"Assessment, Authorization, and Monitoring",Continuous Monitoring,applicable,partial,CI runs on every PR and push plus a weekly scheduled scan; ZAP post-deploy is non-blocking until baseline is clean.,.github/workflows/ci.yml (schedule),Omar Huertas
CA-9,"Assessment, Authorization, and Monitoring",Internal System Connections,inherited-cloudflare,partial,Worker to D1/Turnstile connections are internal to Cloudflare; documented in architecture notes only.,"Cloudflare SOC 2 Type II report (obtain, GAPS G-04)",Omar Huertas
CM-1,Configuration Management,Policy and Procedures,applicable,planned,No approved CM policy yet; a DRAFT starter is provided for owner approval.,controls/policies/change-management.md (DRAFT),Omar Huertas
CM-2,Configuration Management,Baseline Configuration,applicable,implemented,Repository plus wrangler configuration and workflow files are the versioned baseline; production is deployed only from main.,wrangler config; .github/workflows/ci.yml,Omar Huertas
CM-3,Configuration Management,Configuration Change Control,applicable,partial,"Changes go through PR, CI gates and a production environment approval with an Obvera Change id; branch protection must be enabled by the owner to enforce it.",pull_request_template.md; .github/workflows/ci.yml deploy job; Obvera Change records,Omar Huertas
CM-4,Configuration Management,Impact Analyses,applicable,partial,"PR template requires impact, risk and rollback notes; no formal security impact analysis step.",.github/pull_request_template.md,Omar Huertas
CM-5,Configuration Management,Access Restrictions for Change,applicable,partial,CODEOWNERS and environment approval limit who can ship; Cloudflare token is scoped. Branch protection to be turned on.,CODEOWNERS; GitHub branch protection (pending),Omar Huertas
CM-6,Configuration Management,Configuration Settings,applicable,partial,Secure header and TLS settings are defined in the Worker and verified post-deploy by scripts/check-headers.sh; live site currently on GitHub Pages without these headers.,scripts/check-headers.sh; controls/stig-cis-web.md,Omar Huertas
CM-7,Configuration Management,Least Functionality,applicable,partial,Site is static assets plus a small API; unused routes/methods are not exposed. Pending Worker cutover.,worker/ (not in this branch),Omar Huertas
CM-8,Configuration Management,System Component Inventory,applicable,partial,"Components are visible in package.json/lockfiles, wrangler config and the vendor list; no consolidated inventory.",package-lock.json; Obvera CMDB (planned),Omar Huertas
CM-9,Configuration Management,Configuration Management Plan,applicable,planned,No configuration management plan beyond this control set.,controls/policies/change-management.md (DRAFT),Omar Huertas
CM-10,Configuration Management,Software Usage Restrictions,applicable,planned,Dependency license review is not automated.,License check (planned),Omar Huertas
CM-11,Configuration Management,User-Installed Software,not-applicable,,End users do not install software on the system; operator workstation covered by acceptable use.,n/a,Omar Huertas
CP-1,Contingency Planning,Policy and Procedures,applicable,planned,No approved CP policy yet; a DRAFT starter is provided for owner approval.,controls/policies/incident-response.md (DRAFT),Omar Huertas
CP-2,Contingency Planning,Contingency Plan,applicable,planned,No contingency plan yet; recovery is redeploy from git and restore D1 export.,controls/policies/incident-response.md (DRAFT),Omar Huertas
CP-3,Contingency Planning,Contingency Training,applicable,planned,No contingency training; single operator.,Training record (planned),Omar Huertas
CP-4,Contingency Planning,Contingency Plan Testing,applicable,planned,No restore or failover test has been performed.,Restore test record (planned),Omar Huertas
CP-6,Contingency Planning,Alternate Storage Site,inherited-cloudflare,partial,Cloudflare global network and GitHub provide redundant storage; vendor assurance not yet collected.,"Cloudflare SOC 2 Type II report (obtain, GAPS G-04)",Omar Huertas
CP-7,Contingency Planning,Alternate Processing Site,inherited-cloudflare,partial,Workers run across Cloudflare's multi-location network; vendor assurance not yet collected.,"Cloudflare SOC 2 Type II report (obtain, GAPS G-04)",Omar Huertas
CP-8,Contingency Planning,Telecommunications Services,inherited-cloudflare,partial,Provider-managed redundant telecom paths.,"Cloudflare SOC 2 Type II report (obtain, GAPS G-04)",Omar Huertas
CP-9,Contingency Planning,System Backup,applicable,partial,Source and CI config are in GitHub; D1 data relies on Cloudflare Time Travel and no independent export is scheduled or tested.,D1 Time Travel; backup export (planned),Omar Huertas
CP-10,Contingency Planning,System Recovery and Reconstitution,applicable,planned,Redeploy from main restores code quickly; D1 recovery procedure untested.,Recovery runbook (planned),Omar Huertas
IA-1,Identification and Authentication,Policy and Procedures,applicable,planned,No approved IA policy yet; a DRAFT starter is provided for owner approval.,controls/policies/access-control.md (DRAFT),Omar Huertas
IA-2,Identification and Authentication,Identification and Authentication (Organizational Users),applicable,partial,Admin sign-in is through Cloudflare Access with SSO; GitHub requires 2FA by org setting. MFA enforcement not yet evidenced.,Access policy; GitHub org 2FA setting,Omar Huertas
IA-3,Identification and Authentication,Device Identification and Authentication,not-applicable,,No device-to-device authentication within the boundary.,n/a,Omar Huertas
IA-4,Identification and Authentication,Identifier Management,applicable,partial,Identities are the operator's IdP and GitHub accounts; no identifier lifecycle policy.,controls/policies/access-control.md (DRAFT),Omar Huertas
IA-5,Identification and Authentication,Authenticator Management,applicable,partial,Cloudflare API token is stored as a GitHub secret; no rotation schedule or expiry recorded.,GitHub Actions secrets; rotation record (planned),Omar Huertas
IA-6,Identification and Authentication,Authentication Feedback,inherited-cloudflare,implemented,Authentication feedback is handled by the identity provider and Cloudflare Access login pages.,"Cloudflare SOC 2 Type II report (obtain, GAPS G-04)",Omar Huertas
IA-7,Identification and Authentication,Cryptographic Module Authentication,inherited-cloudflare,implemented,TLS and signing cryptography runs in Cloudflare/GitHub provider modules.,"Cloudflare SOC 2 Type II report (obtain, GAPS G-04)",Omar Huertas
IA-8,Identification and Authentication,Identification and Authentication (Non-Organizational Users),not-applicable,,"Public visitors are not authenticated; waitlist/support use Turnstile, not identities.",n/a,Omar Huertas
IA-11,Identification and Authentication,Re-authentication,inherited-cloudflare,partial,Access session re-authentication interval is provider-enforced; value to document.,Access session setting,Omar Huertas
IA-12,Identification and Authentication,Identity Proofing,not-applicable,,No identity proofing performed; no registered public accounts.,n/a,Omar Huertas
IR-1,Incident Response,Policy and Procedures,applicable,planned,No approved IR policy yet; a DRAFT starter is provided for owner approval.,controls/policies/incident-response.md (DRAFT),Omar Huertas
IR-2,Incident Response,Incident Response Training,applicable,planned,Procedure is defined only as a DRAFT; not yet exercised.,controls/policies/incident-response.md (DRAFT),Omar Huertas
IR-3,Incident Response,Incident Response Testing,applicable,planned,Procedure is defined only as a DRAFT; not yet exercised.,controls/policies/incident-response.md (DRAFT),Omar Huertas
IR-4,Incident Response,Incident Handling,applicable,planned,Procedure is defined only as a DRAFT; not yet exercised.,controls/policies/incident-response.md (DRAFT),Omar Huertas
IR-5,Incident Response,Incident Monitoring,applicable,planned,No incident tracking beyond Obvera tickets.,Obvera incident records (planned),Omar Huertas
IR-6,Incident Response,Incident Reporting,applicable,partial,SECURITY.md publishes a reporting channel; internal reporting procedure is in the DRAFT incident response policy.,SECURITY.md,Omar Huertas
IR-7,Incident Response,Incident Response Assistance,applicable,planned,"Help sources (Cloudflare, GitHub support) known but not documented.",controls/policies/incident-response.md (DRAFT),Omar Huertas
IR-8,Incident Response,Incident Response Plan,applicable,planned,Procedure is defined only as a DRAFT; not yet exercised.,controls/policies/incident-response.md (DRAFT),Omar Huertas
MA-1,Maintenance,Policy and Procedures,inherited-cloudflare,planned,No approved MA policy yet; a DRAFT starter is provided for owner approval.,controls/policies/information-security.md (DRAFT),Omar Huertas
MA-2,Maintenance,Controlled Maintenance,inherited-cloudflare,partial,Platform maintenance is performed by Cloudflare/GitHub.,"Cloudflare SOC 2 Type II report (obtain, GAPS G-04)",Omar Huertas
MA-3,Maintenance,Maintenance Tools,inherited-cloudflare,partial,Provider-managed.,"Cloudflare SOC 2 Type II report (obtain, GAPS G-04)",Omar Huertas
MA-4,Maintenance,Nonlocal Maintenance,applicable,partial,Nonlocal maintenance is limited to CI deploys and Access-gated admin sessions.,.github/workflows/ci.yml,Omar Huertas
MA-5,Maintenance,Maintenance Personnel,inherited-cloudflare,partial,Provider-managed.,"Cloudflare SOC 2 Type II report (obtain, GAPS G-04)",Omar Huertas
MA-6,Maintenance,Timely Maintenance,inherited-cloudflare,partial,Provider-managed.,"Cloudflare SOC 2 Type II report (obtain, GAPS G-04)",Omar Huertas
MP-1,Media Protection,Policy and Procedures,applicable,planned,No approved MP policy yet; a DRAFT starter is provided for owner approval.,controls/policies/data-retention-privacy.md (DRAFT),Omar Huertas
MP-2,Media Protection,Media Access,inherited-cloudflare,partial,D1 storage media access is controlled by Cloudflare.,"Cloudflare SOC 2 Type II report (obtain, GAPS G-04)",Omar Huertas
MP-3,Media Protection,Media Marking,inherited-cloudflare,partial,Provider-managed.,"Cloudflare SOC 2 Type II report (obtain, GAPS G-04)",Omar Huertas
MP-4,Media Protection,Media Storage,inherited-cloudflare,partial,Provider-managed.,"Cloudflare SOC 2 Type II report (obtain, GAPS G-04)",Omar Huertas
MP-5,Media Protection,Media Transport,inherited-cloudflare,partial,Provider-managed.,"Cloudflare SOC 2 Type II report (obtain, GAPS G-04)",Omar Huertas
MP-6,Media Protection,Media Sanitization,inherited-cloudflare,partial,Media sanitization of D1 storage is provider-managed.,"Cloudflare SOC 2 Type II report (obtain, GAPS G-04)",Omar Huertas
MP-7,Media Protection,Media Use,applicable,planned,Removable media rules for the operator workstation are in the DRAFT acceptable use policy.,controls/policies/acceptable-use.md (DRAFT),Omar Huertas
PE-1,Physical and Environmental Protection,Policy and Procedures,inherited-cloudflare,planned,No approved PE policy yet; a DRAFT starter is provided for owner approval.,controls/policies/information-security.md (DRAFT),Omar Huertas
PE-2,Physical and Environmental Protection,Physical Access Authorizations,inherited-cloudflare,partial,Physical and environmental protection of hosting is provided by Cloudflare/GitHub data centers; vendor assurance reports not yet collected.,"Cloudflare SOC 2 Type II report (obtain, GAPS G-04)",Omar Huertas
PE-3,Physical and Environmental Protection,Physical Access Control,inherited-cloudflare,partial,Physical and environmental protection of hosting is provided by Cloudflare/GitHub data centers; vendor assurance reports not yet collected.,"Cloudflare SOC 2 Type II report (obtain, GAPS G-04)",Omar Huertas
PE-4,Physical and Environmental Protection,Access Control for Transmission,inherited-cloudflare,partial,Physical and environmental protection of hosting is provided by Cloudflare/GitHub data centers; vendor assurance reports not yet collected.,"Cloudflare SOC 2 Type II report (obtain, GAPS G-04)",Omar Huertas
PE-5,Physical and Environmental Protection,Access Control for Output Devices,inherited-cloudflare,partial,Physical and environmental protection of hosting is provided by Cloudflare/GitHub data centers; vendor assurance reports not yet collected.,"Cloudflare SOC 2 Type II report (obtain, GAPS G-04)",Omar Huertas
PE-6,Physical and Environmental Protection,Monitoring Physical Access,inherited-cloudflare,partial,Physical and environmental protection of hosting is provided by Cloudflare/GitHub data centers; vendor assurance reports not yet collected.,"Cloudflare SOC 2 Type II report (obtain, GAPS G-04)",Omar Huertas
PE-8,Physical and Environmental Protection,Visitor Access Records,inherited-cloudflare,partial,Physical and environmental protection of hosting is provided by Cloudflare/GitHub data centers; vendor assurance reports not yet collected.,"Cloudflare SOC 2 Type II report (obtain, GAPS G-04)",Omar Huertas
PE-9,Physical and Environmental Protection,Power Equipment and Cabling,inherited-cloudflare,partial,Physical and environmental protection of hosting is provided by Cloudflare/GitHub data centers; vendor assurance reports not yet collected.,"Cloudflare SOC 2 Type II report (obtain, GAPS G-04)",Omar Huertas
PE-10,Physical and Environmental Protection,Emergency Shutoff,inherited-cloudflare,partial,Physical and environmental protection of hosting is provided by Cloudflare/GitHub data centers; vendor assurance reports not yet collected.,"Cloudflare SOC 2 Type II report (obtain, GAPS G-04)",Omar Huertas
PE-11,Physical and Environmental Protection,Emergency Power,inherited-cloudflare,partial,Physical and environmental protection of hosting is provided by Cloudflare/GitHub data centers; vendor assurance reports not yet collected.,"Cloudflare SOC 2 Type II report (obtain, GAPS G-04)",Omar Huertas
PE-12,Physical and Environmental Protection,Emergency Lighting,inherited-cloudflare,partial,Physical and environmental protection of hosting is provided by Cloudflare/GitHub data centers; vendor assurance reports not yet collected.,"Cloudflare SOC 2 Type II report (obtain, GAPS G-04)",Omar Huertas
PE-13,Physical and Environmental Protection,Fire Protection,inherited-cloudflare,partial,Physical and environmental protection of hosting is provided by Cloudflare/GitHub data centers; vendor assurance reports not yet collected.,"Cloudflare SOC 2 Type II report (obtain, GAPS G-04)",Omar Huertas
PE-14,Physical and Environmental Protection,Environmental Controls,inherited-cloudflare,partial,Physical and environmental protection of hosting is provided by Cloudflare/GitHub data centers; vendor assurance reports not yet collected.,"Cloudflare SOC 2 Type II report (obtain, GAPS G-04)",Omar Huertas
PE-15,Physical and Environmental Protection,Water Damage Protection,inherited-cloudflare,partial,Physical and environmental protection of hosting is provided by Cloudflare/GitHub data centers; vendor assurance reports not yet collected.,"Cloudflare SOC 2 Type II report (obtain, GAPS G-04)",Omar Huertas
PE-16,Physical and Environmental Protection,Delivery and Removal,inherited-cloudflare,partial,Physical and environmental protection of hosting is provided by Cloudflare/GitHub data centers; vendor assurance reports not yet collected.,"Cloudflare SOC 2 Type II report (obtain, GAPS G-04)",Omar Huertas
PE-17,Physical and Environmental Protection,Alternate Work Site,applicable,planned,Operator works remotely; alternate work site safeguards need documenting.,controls/policies/acceptable-use.md (DRAFT),Omar Huertas
PL-1,Planning,Policy and Procedures,applicable,planned,No approved PL policy yet; a DRAFT starter is provided for owner approval.,controls/policies/information-security.md (DRAFT),Omar Huertas
PL-2,Planning,System Security and Privacy Plans,applicable,partial,This controls/ package is the starter system security plan; boundary and data flows still to be written.,controls/,Omar Huertas
PL-4,Planning,Rules of Behavior,applicable,planned,"Rules of behavior are in the DRAFT acceptable use policy, not yet approved.",controls/policies/acceptable-use.md (DRAFT),Omar Huertas
PL-8,Planning,Security and Privacy Architectures,applicable,partial,Architecture (static assets + Worker + D1 + Access + Turnstile) is described in BRIEF.md but not as a security architecture.,BRIEF.md,Omar Huertas
PL-10,Planning,Baseline Selection,applicable,implemented,NIST SP 800-53 Rev 5 Moderate baseline selected by the owner and recorded in this set.,controls/nist-800-53-moderate.csv,Omar Huertas
PL-11,Planning,Baseline Tailoring,applicable,implemented,Tailoring is recorded in the applicability column (inherited or not-applicable with rationale).,controls/nist-800-53-moderate.csv,Omar Huertas
PS-1,Personnel Security,Policy and Procedures,applicable,planned,No approved PS policy yet; a DRAFT starter is provided for owner approval.,controls/policies/acceptable-use.md (DRAFT),Omar Huertas
PS-2,Personnel Security,Position Risk Designation,applicable,planned,Personnel practices for the sole operator and any future contractors are not yet documented.,controls/policies/acceptable-use.md (DRAFT),Omar Huertas
PS-3,Personnel Security,Personnel Screening,applicable,planned,Personnel practices for the sole operator and any future contractors are not yet documented.,controls/policies/acceptable-use.md (DRAFT),Omar Huertas
PS-4,Personnel Security,Personnel Termination,applicable,planned,Personnel practices for the sole operator and any future contractors are not yet documented.,controls/policies/acceptable-use.md (DRAFT),Omar Huertas
PS-5,Personnel Security,Personnel Transfer,applicable,planned,Personnel practices for the sole operator and any future contractors are not yet documented.,controls/policies/acceptable-use.md (DRAFT),Omar Huertas
PS-6,Personnel Security,Access Agreements,applicable,planned,Personnel practices for the sole operator and any future contractors are not yet documented.,controls/policies/acceptable-use.md (DRAFT),Omar Huertas
PS-7,Personnel Security,External Personnel Security,applicable,planned,Personnel practices for the sole operator and any future contractors are not yet documented.,controls/policies/acceptable-use.md (DRAFT),Omar Huertas
PS-8,Personnel Security,Personnel Sanctions,applicable,planned,Personnel practices for the sole operator and any future contractors are not yet documented.,controls/policies/acceptable-use.md (DRAFT),Omar Huertas
PS-9,Personnel Security,Position Descriptions,applicable,planned,Personnel practices for the sole operator and any future contractors are not yet documented.,controls/policies/acceptable-use.md (DRAFT),Omar Huertas
RA-1,Risk Assessment,Policy and Procedures,applicable,planned,No approved RA policy yet; a DRAFT starter is provided for owner approval.,controls/policies/vulnerability-management.md (DRAFT),Omar Huertas
RA-2,Risk Assessment,Security Categorization,applicable,planned,Data categorization (public marketing + waitlist emails + support messages) not yet formalized.,controls/policies/data-retention-privacy.md (DRAFT),Omar Huertas
RA-3,Risk Assessment,Risk Assessment,applicable,planned,No documented risk assessment; GAPS.md is a prioritized start.,controls/GAPS.md,Omar Huertas
RA-5,Risk Assessment,Vulnerability Monitoring and Scanning,applicable,implemented,"CI runs gitleaks, npm audit (high), Semgrep and Dependabot on every change, plus ZAP baseline post-deploy; findings must be triaged.",.github/workflows/ci.yml; .github/dependabot.yml,Omar Huertas
RA-7,Risk Assessment,Risk Response,applicable,partial,Findings are tracked in GitHub issues and GAPS.md; no risk acceptance workflow.,controls/GAPS.md,Omar Huertas
RA-9,Risk Assessment,Criticality Analysis,applicable,planned,"Criticality analysis not documented (small system, few components).",controls/GAPS.md,Omar Huertas
SA-1,System and Services Acquisition,Policy and Procedures,applicable,planned,No approved SA policy yet; a DRAFT starter is provided for owner approval.,controls/policies/change-management.md (DRAFT),Omar Huertas
SA-2,System and Services Acquisition,Allocation of Resources,applicable,partial,Security work is resourced informally by the owner.,controls/GAPS.md,Omar Huertas
SA-3,System and Services Acquisition,System Development Life Cycle,applicable,partial,"Change flow is branch, PR, CI gates, approval, deploy; not yet written down as an SDLC.",controls/policies/change-management.md (DRAFT); .github/workflows/ci.yml,Omar Huertas
SA-4,System and Services Acquisition,Acquisition Process,applicable,planned,No security requirements template for acquiring services.,controls/policies/vendor-management.md (DRAFT),Omar Huertas
SA-5,System and Services Acquisition,System Documentation,applicable,partial,"README, BRIEF.md and this control set document the system; admin and operations guides are thin.",README.md; BRIEF.md; controls/,Omar Huertas
SA-8,System and Services Acquisition,Security and Privacy Engineering Principles,applicable,partial,"Least-privilege, defense-in-depth headers and minimal data collection are design goals; no written principles list.",controls/stig-cis-web.md,Omar Huertas
SA-9,System and Services Acquisition,External System Services,inherited-github,partial,"External services (Cloudflare, GitHub, Turnstile) are governed by provider terms; vendor SOC reports not yet obtained.",controls/policies/vendor-management.md (DRAFT),Omar Huertas
SA-10,System and Services Acquisition,Developer Configuration Management,inherited-github,implemented,"All source is in Git with PR review, CODEOWNERS and CI before release.",CODEOWNERS; .github/workflows/ci.yml,Omar Huertas
SA-11,System and Services Acquisition,Developer Testing and Evaluation,applicable,implemented,"CI runs worker tests, Semgrep SAST, Lighthouse accessibility and ZAP baseline against the deployed site.",.github/workflows/ci.yml,Omar Huertas
SA-15,System and Services Acquisition,"Development Process, Standards, and Tools",applicable,partial,Tooling and standards are defined by CI; no documented secure coding standard.,.github/workflows/ci.yml,Omar Huertas
SA-22,System and Services Acquisition,Unsupported System Components,applicable,partial,Dependabot and npm audit surface unsupported or vulnerable packages; Node 24 LTS line pinned in CI.,.github/dependabot.yml; .github/workflows/ci.yml,Omar Huertas
SC-1,System and Communications Protection,Policy and Procedures,applicable,planned,No approved SC policy yet; a DRAFT starter is provided for owner approval.,controls/policies/information-security.md (DRAFT),Omar Huertas
SC-2,System and Communications Protection,Separation of System and User Functionality,applicable,partial,Admin functions are on separate Access-gated routes from public pages. Pending Worker cutover verification.,worker/ (not in this branch),Omar Huertas
SC-4,System and Communications Protection,Information in Shared System Resources,inherited-cloudflare,implemented,Workers isolates and D1 prevent cross-tenant residual data exposure by design.,"Cloudflare SOC 2 Type II report (obtain, GAPS G-04)",Omar Huertas
SC-5,System and Communications Protection,Denial-of-Service Protection,inherited-cloudflare,implemented,Cloudflare network-level DDoS mitigation plus Worker rate limiting.,"Cloudflare SOC 2 Type II report (obtain, GAPS G-04); worker/ (not in this branch)",Omar Huertas
SC-7,System and Communications Protection,Boundary Protection,inherited-cloudflare,implemented,Cloudflare edge/WAF is the boundary; only HTTPS is served and the origin is Workers (no exposed servers).,"Cloudflare SOC 2 Type II report (obtain, GAPS G-04)",Omar Huertas
SC-8,System and Communications Protection,Transmission Confidentiality and Integrity,applicable,partial,HTTPS with HSTS is the design; HSTS and TLS settings are verified by scripts/check-headers.sh post-deploy. Live site is on GitHub Pages today without a full header set.,scripts/check-headers.sh; .github/workflows/ci.yml,Omar Huertas
SC-10,System and Communications Protection,Network Disconnect,inherited-cloudflare,partial,Idle connection termination is handled by Cloudflare edge; timeouts not documented.,"Cloudflare SOC 2 Type II report (obtain, GAPS G-04)",Omar Huertas
SC-12,System and Communications Protection,Cryptographic Key Establishment and Management,inherited-cloudflare,implemented,TLS certificates and keys are managed by Cloudflare; no customer-held keys.,"Cloudflare SOC 2 Type II report (obtain, GAPS G-04)",Omar Huertas
SC-13,System and Communications Protection,Cryptographic Protection,inherited-cloudflare,implemented,TLS 1.2+ with provider-validated cryptography; FIPS validation not claimed.,"Cloudflare SOC 2 Type II report (obtain, GAPS G-04)",Omar Huertas
SC-15,System and Communications Protection,Collaborative Computing Devices and Applications,not-applicable,,No collaborative computing devices (cameras/microphones) in the system.,n/a,Omar Huertas
SC-17,System and Communications Protection,Public Key Infrastructure Certificates,inherited-cloudflare,implemented,Public certificates are issued and renewed automatically by Cloudflare.,"Cloudflare SOC 2 Type II report (obtain, GAPS G-04)",Omar Huertas
SC-18,System and Communications Protection,Mobile Code,applicable,partial,Site JavaScript is first-party; CSP restricts script sources. Verified by header check once Worker serves CSP.,scripts/check-headers.sh,Omar Huertas
SC-20,System and Communications Protection,Secure Name/Address Resolution Service (Authoritative Source),inherited-cloudflare,partial,Authoritative DNS is Cloudflare-managed; DNSSEC status to be confirmed.,Cloudflare DNS settings,Omar Huertas
SC-21,System and Communications Protection,Secure Name/Address Resolution Service (Recursive or Caching Resolver),inherited-cloudflare,partial,Resolvers are provider/user-side; not operated by this system.,"Cloudflare SOC 2 Type II report (obtain, GAPS G-04)",Omar Huertas
SC-22,System and Communications Protection,Architecture and Provisioning for Name/Address Resolution Service,inherited-cloudflare,partial,DNS served by Cloudflare's redundant anycast network; zone configuration documented in domain inventory.,Domain inventory pipeline,Omar Huertas
SC-23,System and Communications Protection,Session Authenticity,applicable,partial,Turnstile protects form submissions and Access manages admin sessions; CSRF/session handling in Worker to be tested.,worker/ tests (not in this branch),Omar Huertas
SC-28,System and Communications Protection,Protection of Information at Rest,inherited-cloudflare,implemented,D1 data is encrypted at rest by Cloudflare; no application-layer encryption.,"Cloudflare SOC 2 Type II report (obtain, GAPS G-04)",Omar Huertas
SC-39,System and Communications Protection,Process Isolation,inherited-cloudflare,implemented,Workers V8 isolates provide process isolation.,"Cloudflare SOC 2 Type II report (obtain, GAPS G-04)",Omar Huertas
SI-1,System and Information Integrity,Policy and Procedures,applicable,planned,No approved SI policy yet; a DRAFT starter is provided for owner approval.,controls/policies/vulnerability-management.md (DRAFT),Omar Huertas
SI-2,System and Information Integrity,Flaw Remediation,applicable,implemented,"Dependabot raises update PRs, npm audit blocks high severity, and Semgrep gates code flaws; fixes ship through CI.",.github/dependabot.yml; .github/workflows/ci.yml,Omar Huertas
SI-3,System and Information Integrity,Malicious Code Protection,applicable,partial,Gitleaks and Semgrep scan code in CI; no endpoint anti-malware evidence for the operator workstation.,.github/workflows/ci.yml,Omar Huertas
SI-4,System and Information Integrity,System Monitoring,applicable,partial,Cloudflare analytics/WAF events and audit_log exist; no alerting or review cadence.,Cloudflare dashboards; audit_log,Omar Huertas
SI-5,System and Information Integrity,"Security Alerts, Advisories, and Directives",applicable,partial,GitHub Dependabot alerts and Cloudflare advisories reach the owner; no documented triage SLA.,.github/dependabot.yml,Omar Huertas
SI-7,System and Information Integrity,"Software, Firmware, and Information Integrity",applicable,partial,Lockfile-based installs (npm ci) and deploy-only-from-CI protect integrity; no signed artifacts or SRI.,.github/workflows/ci.yml,Omar Huertas
SI-8,System and Information Integrity,Spam Protection,applicable,partial,Turnstile and rate limiting reduce form spam; inbound email spam is handled by the mail provider.,Turnstile config; worker/ (not in this branch),Omar Huertas
SI-10,System and Information Integrity,Information Input Validation,applicable,partial,Worker validates form input and D1 queries are parameterized; covered by worker tests when present.,worker/ tests (not in this branch),Omar Huertas
SI-11,System and Information Integrity,Error Handling,applicable,partial,Worker returns generic errors; ZAP baseline checks leakage.,.github/workflows/ci.yml (zap job),Omar Huertas
SI-12,System and Information Integrity,Information Management and Retention,applicable,planned,Retention periods for waitlist/support/audit data are in the DRAFT policy and not yet enforced.,controls/policies/data-retention-privacy.md (DRAFT),Omar Huertas
SI-16,System and Information Integrity,Memory Protection,inherited-cloudflare,implemented,V8 isolate memory protections are provider-managed.,"Cloudflare SOC 2 Type II report (obtain, GAPS G-04)",Omar Huertas
SR-1,Supply Chain Risk Management,Policy and Procedures,applicable,planned,No approved SR policy yet; a DRAFT starter is provided for owner approval.,controls/policies/vendor-management.md (DRAFT),Omar Huertas
SR-2,Supply Chain Risk Management,Supply Chain Risk Management Plan,applicable,planned,Supply chain risk management is not formalized for the organization.,controls/policies/vendor-management.md (DRAFT),Omar Huertas
SR-3,Supply Chain Risk Management,Supply Chain Controls and Processes,applicable,partial,npm ci with lockfiles and Dependabot limit dependency drift; no provenance verification.,.github/workflows/ci.yml,Omar Huertas
SR-5,Supply Chain Risk Management,"Acquisition Strategies, Tools, and Methods",applicable,planned,Supply chain risk management is not formalized for the organization.,controls/policies/vendor-management.md (DRAFT),Omar Huertas
SR-6,Supply Chain Risk Management,Supplier Assessments and Reviews,applicable,planned,Supply chain risk management is not formalized for the organization.,controls/policies/vendor-management.md (DRAFT),Omar Huertas
SR-8,Supply Chain Risk Management,Notification Agreements,applicable,planned,Supply chain risk management is not formalized for the organization.,controls/policies/vendor-management.md (DRAFT),Omar Huertas
SR-10,Supply Chain Risk Management,Inspection of Systems or Components,applicable,planned,Supply chain risk management is not formalized for the organization.,controls/policies/vendor-management.md (DRAFT),Omar Huertas
SR-11,Supply Chain Risk Management,Component Authenticity,applicable,partial,Packages come from the npm registry via lockfiles; npm provenance checks not enforced.,package-lock.json,Omar Huertas
SR-12,Supply Chain Risk Management,Component Disposal,inherited-cloudflare,partial,Component disposal for hosting is provider-managed.,"Cloudflare SOC 2 Type II report (obtain, GAPS G-04)",Omar Huertas
